split,mae,rmse,spearman_ic,direction_acc
train,0.018140228945217184,0.025715701662984706,0.9999926183831374,0.9885527391659853
valid,6.393625454545454,8.698387019167157,-0.047423413659383434,0.48760330578512395
test,7.820118531249999,10.609380034704593,-0.005453329283056188,0.48125
