name,final_value,total_return,annual_return,annual_vol,sharpe,max_drawdown
Benchmark_BuyAndHold,163127.19999999998,0.6312719999999998,0.4701597404917721,0.34320482926588725,1.3699100373891606,-0.23494640643608877
StrategyTiming_TopQuantileAllInOut,165324.1,0.653241,0.48572944876781365,0.19290406393138668,2.517984530074913,-0.09349175294629353
StrategyTiming_DoubleThresholdTiered,116105.2,0.16105199999999997,0.12478804269984711,0.08854673443531963,1.40929017310063,-0.04934519920117053
StrategyTiming_TrendFilteredLongShort,93400.60000000003,-0.06599399999999966,-0.05234477370828172,0.12753393021287712,-0.4104380192856039,-0.12350512126539082
